{
  "true_false": {
    "TP": 29,
    "FP": 0,
    "FN": 21,
    "accuracy": 0.58,
    "precision": 1.0,
    "recall": 0.58,
    "f1_score": 0.7341772151898733
  },
  "multiple_choice": {
    "TP": 40,
    "FP": 10,
    "FN": 0,
    "accuracy": 0.8,
    "precision": 0.8,
    "recall": 1.0,
    "f1_score": 0.888888888888889
  },
  "list": {
    "TP": 119,
    "FP": 5,
    "FN": 36,
    "accuracy": 0.74375,
    "precision": 0.9596774193548387,
    "recall": 0.7677419354838709,
    "f1_score": 0.8530465949820788
  }
}