{
  "true_false": {
    "TP": 24,
    "FP": 0,
    "FN": 26,
    "accuracy": 0.48,
    "precision": 1.0,
    "recall": 0.48,
    "f1_score": 0.6486486486486487
  },
  "multiple_choice": {
    "TP": 39,
    "FP": 11,
    "FN": 0,
    "accuracy": 0.78,
    "precision": 0.78,
    "recall": 1.0,
    "f1_score": 0.8764044943820225
  },
  "list": {
    "TP": 115,
    "FP": 7,
    "FN": 40,
    "accuracy": 0.7098765432098766,
    "precision": 0.9426229508196722,
    "recall": 0.7419354838709677,
    "f1_score": 0.8303249097472923
  }
}