{
  "true_false": {
    "TP": 26,
    "FP": 0,
    "FN": 24,
    "accuracy": 0.52,
    "precision": 1.0,
    "recall": 0.52,
    "f1_score": 0.6842105263157895
  },
  "multiple_choice": {
    "TP": 38,
    "FP": 12,
    "FN": 0,
    "accuracy": 0.76,
    "precision": 0.76,
    "recall": 1.0,
    "f1_score": 0.8636363636363636
  },
  "list": {
    "TP": 117,
    "FP": 4,
    "FN": 38,
    "accuracy": 0.7358490566037735,
    "precision": 0.9669421487603306,
    "recall": 0.7548387096774194,
    "f1_score": 0.8478260869565216
  }
}