{
  "true_false": {
    "TP": 29,
    "FP": 0,
    "FN": 21,
    "accuracy": 0.58,
    "precision": 1.0,
    "recall": 0.58,
    "f1_score": 0.7341772151898733
  },
  "multiple_choice": {
    "TP": 39,
    "FP": 11,
    "FN": 0,
    "accuracy": 0.78,
    "precision": 0.78,
    "recall": 1.0,
    "f1_score": 0.8764044943820225
  },
  "list": {
    "TP": 123,
    "FP": 6,
    "FN": 32,
    "accuracy": 0.7639751552795031,
    "precision": 0.9534883720930233,
    "recall": 0.7935483870967742,
    "f1_score": 0.8661971830985916
  }
}