{
  "true_false": {
    "TP": 22,
    "FP": 0,
    "FN": 28,
    "accuracy": 0.44,
    "precision": 1.0,
    "recall": 0.44,
    "f1_score": 0.6111111111111112
  },
  "multiple_choice": {
    "TP": 30,
    "FP": 19,
    "FN": 1,
    "accuracy": 0.6,
    "precision": 0.6122448979591837,
    "recall": 0.967741935483871,
    "f1_score": 0.75
  },
  "list": {
    "TP": 102,
    "FP": 17,
    "FN": 53,
    "accuracy": 0.5930232558139535,
    "precision": 0.8571428571428571,
    "recall": 0.6580645161290323,
    "f1_score": 0.7445255474452555
  }
}