{
  "true_false": {
    "TP": 29,
    "FP": 0,
    "FN": 21,
    "accuracy": 0.58,
    "precision": 1.0,
    "recall": 0.58,
    "f1_score": 0.7341772151898733
  },
  "multiple_choice": {
    "TP": 19,
    "FP": 31,
    "FN": 0,
    "accuracy": 0.38,
    "precision": 0.38,
    "recall": 1.0,
    "f1_score": 0.5507246376811594
  },
  "list": {
    "TP": 128,
    "FP": 20,
    "FN": 27,
    "accuracy": 0.7314285714285714,
    "precision": 0.8648648648648649,
    "recall": 0.8258064516129032,
    "f1_score": 0.844884488448845
  }
}