{
  "true_false": {
    "TP": 22,
    "FP": 0,
    "FN": 28,
    "accuracy": 0.44,
    "precision": 1.0,
    "recall": 0.44,
    "f1_score": 0.6111111111111112
  },
  "multiple_choice": {
    "TP": 30,
    "FP": 20,
    "FN": 0,
    "accuracy": 0.6,
    "precision": 0.6,
    "recall": 1.0,
    "f1_score": 0.7499999999999999
  },
  "list": {
    "TP": 118,
    "FP": 20,
    "FN": 37,
    "accuracy": 0.6742857142857143,
    "precision": 0.855072463768116,
    "recall": 0.7612903225806451,
    "f1_score": 0.8054607508532423
  }
}