{
  "true_false": {
    "TP": 29,
    "FP": 0,
    "FN": 21,
    "accuracy": 0.58,
    "precision": 1.0,
    "recall": 0.58,
    "f1_score": 0.7341772151898733
  },
  "multiple_choice": {
    "TP": 30,
    "FP": 20,
    "FN": 0,
    "accuracy": 0.6,
    "precision": 0.6,
    "recall": 1.0,
    "f1_score": 0.7499999999999999
  },
  "list": {
    "TP": 85,
    "FP": 20,
    "FN": 70,
    "accuracy": 0.4857142857142857,
    "precision": 0.8095238095238095,
    "recall": 0.5483870967741935,
    "f1_score": 0.6538461538461537
  }
}