{
  "true_false": {
    "TP": 30,
    "FP": 0,
    "FN": 20,
    "accuracy": 0.6,
    "precision": 1.0,
    "recall": 0.6,
    "f1_score": 0.7499999999999999
  },
  "multiple_choice": {
    "TP": 30,
    "FP": 20,
    "FN": 0,
    "accuracy": 0.6,
    "precision": 0.6,
    "recall": 1.0,
    "f1_score": 0.7499999999999999
  },
  "list": {
    "TP": 90,
    "FP": 11,
    "FN": 65,
    "accuracy": 0.5421686746987951,
    "precision": 0.8910891089108911,
    "recall": 0.5806451612903226,
    "f1_score": 0.7031250000000001
  }
}