{
  "true_false": {
    "TP": 28,
    "FP": 0,
    "FN": 22,
    "accuracy": 0.56,
    "precision": 1.0,
    "recall": 0.56,
    "f1_score": 0.717948717948718
  },
  "multiple_choice": {
    "TP": 30,
    "FP": 20,
    "FN": 0,
    "accuracy": 0.6,
    "precision": 0.6,
    "recall": 1.0,
    "f1_score": 0.7499999999999999
  },
  "list": {
    "TP": 87,
    "FP": 21,
    "FN": 68,
    "accuracy": 0.4943181818181818,
    "precision": 0.8055555555555556,
    "recall": 0.5612903225806452,
    "f1_score": 0.6615969581749049
  }
}