{
  "true_false": {
    "TP": 26,
    "FP": 0,
    "FN": 24,
    "accuracy": 0.52,
    "precision": 1.0,
    "recall": 0.52,
    "f1_score": 0.6842105263157895
  },
  "multiple_choice": {
    "TP": 33,
    "FP": 17,
    "FN": 0,
    "accuracy": 0.66,
    "precision": 0.66,
    "recall": 1.0,
    "f1_score": 0.7951807228915663
  },
  "list": {
    "TP": 108,
    "FP": 16,
    "FN": 47,
    "accuracy": 0.631578947368421,
    "precision": 0.8709677419354839,
    "recall": 0.6967741935483871,
    "f1_score": 0.7741935483870968
  }
}