{
  "true_false": {
    "TP": 6,
    "FP": 0,
    "FN": 4,
    "accuracy": 0.6,
    "precision": 1.0,
    "recall": 0.6,
    "f1_score": 0.7499999999999999
  },
  "multiple_choice": {
    "TP": 8,
    "FP": 2,
    "FN": 0,
    "accuracy": 0.8,
    "precision": 0.8,
    "recall": 1.0,
    "f1_score": 0.888888888888889
  },
  "list": {
    "TP": 25,
    "FP": 0,
    "FN": 5,
    "accuracy": 0.8333333333333334,
    "precision": 1.0,
    "recall": 0.8333333333333334,
    "f1_score": 0.9090909090909091
  }
}