{
  "true_false": {
    "TP": 8,
    "FP": 0,
    "FN": 2,
    "accuracy": 0.8,
    "precision": 1.0,
    "recall": 0.8,
    "f1_score": 0.888888888888889
  },
  "multiple_choice": {
    "TP": 7,
    "FP": 3,
    "FN": 0,
    "accuracy": 0.7,
    "precision": 0.7,
    "recall": 1.0,
    "f1_score": 0.8235294117647058
  },
  "list": {
    "TP": 23,
    "FP": 6,
    "FN": 7,
    "accuracy": 0.6388888888888888,
    "precision": 0.7931034482758621,
    "recall": 0.7666666666666667,
    "f1_score": 0.7796610169491527
  }
}