{
  "true_false": {
    "TP": 25,
    "FP": 0,
    "FN": 25,
    "accuracy": 0.5,
    "precision": 1.0,
    "recall": 0.5,
    "f1_score": 0.6666666666666666
  },
  "multiple_choice": {
    "TP": 38,
    "FP": 12,
    "FN": 0,
    "accuracy": 0.76,
    "precision": 0.76,
    "recall": 1.0,
    "f1_score": 0.8636363636363636
  },
  "list": {
    "TP": 116,
    "FP": 3,
    "FN": 39,
    "accuracy": 0.7341772151898734,
    "precision": 0.9747899159663865,
    "recall": 0.7483870967741936,
    "f1_score": 0.8467153284671532
  }
}