{
  "true_false": {
    "TP": 27,
    "FP": 0,
    "FN": 23,
    "accuracy": 0.54,
    "precision": 1.0,
    "recall": 0.54,
    "f1_score": 0.7012987012987013
  },
  "multiple_choice": {
    "TP": 40,
    "FP": 10,
    "FN": 0,
    "accuracy": 0.8,
    "precision": 0.8,
    "recall": 1.0,
    "f1_score": 0.888888888888889
  },
  "list": {
    "TP": 124,
    "FP": 5,
    "FN": 31,
    "accuracy": 0.775,
    "precision": 0.9612403100775194,
    "recall": 0.8,
    "f1_score": 0.8732394366197184
  }
}