{
  "true_false": {
    "TP": 25,
    "FP": 0,
    "FN": 25,
    "accuracy": 0.5,
    "precision": 1.0,
    "recall": 0.5,
    "f1_score": 0.6666666666666666
  },
  "multiple_choice": {
    "TP": 27,
    "FP": 23,
    "FN": 0,
    "accuracy": 0.54,
    "precision": 0.54,
    "recall": 1.0,
    "f1_score": 0.7012987012987013
  },
  "list": {
    "TP": 126,
    "FP": 18,
    "FN": 29,
    "accuracy": 0.7283236994219653,
    "precision": 0.875,
    "recall": 0.8129032258064516,
    "f1_score": 0.842809364548495
  }
}