{
  "true_false": {
    "TP": 6,
    "FP": 0,
    "FN": 4,
    "accuracy": 0.6,
    "precision": 1.0,
    "recall": 0.6,
    "f1_score": 0.7499999999999999
  },
  "multiple_choice": {
    "TP": 5,
    "FP": 5,
    "FN": 0,
    "accuracy": 0.5,
    "precision": 0.5,
    "recall": 1.0,
    "f1_score": 0.6666666666666666
  },
  "list": {
    "TP": 22,
    "FP": 1,
    "FN": 8,
    "accuracy": 0.7096774193548387,
    "precision": 0.9565217391304348,
    "recall": 0.7333333333333333,
    "f1_score": 0.8301886792452831
  }
}