{
  "true_false": {
    "TP": 28,
    "FP": 0,
    "FN": 22,
    "accuracy": 0.56,
    "precision": 1.0,
    "recall": 0.56,
    "f1_score": 0.717948717948718
  },
  "multiple_choice": {
    "TP": 30,
    "FP": 20,
    "FN": 0,
    "accuracy": 0.6,
    "precision": 0.6,
    "recall": 1.0,
    "f1_score": 0.7499999999999999
  },
  "list": {
    "TP": 89,
    "FP": 13,
    "FN": 66,
    "accuracy": 0.5297619047619048,
    "precision": 0.8725490196078431,
    "recall": 0.5741935483870968,
    "f1_score": 0.6926070038910507
  }
}