{
  "true_false": {
    "TP": 24,
    "FP": 0,
    "FN": 26,
    "accuracy": 0.48,
    "precision": 1.0,
    "recall": 0.48,
    "f1_score": 0.6486486486486487
  },
  "multiple_choice": {
    "TP": 38,
    "FP": 12,
    "FN": 0,
    "accuracy": 0.76,
    "precision": 0.76,
    "recall": 1.0,
    "f1_score": 0.8636363636363636
  },
  "list": {
    "TP": 107,
    "FP": 7,
    "FN": 48,
    "accuracy": 0.6604938271604939,
    "precision": 0.9385964912280702,
    "recall": 0.6903225806451613,
    "f1_score": 0.7955390334572491
  }
}