{
  "true_false": {
    "TP": 29,
    "FP": 0,
    "FN": 21,
    "accuracy": 0.58,
    "precision": 1.0,
    "recall": 0.58,
    "f1_score": 0.7341772151898733
  },
  "multiple_choice": {
    "TP": 33,
    "FP": 17,
    "FN": 0,
    "accuracy": 0.66,
    "precision": 0.66,
    "recall": 1.0,
    "f1_score": 0.7951807228915663
  },
  "list": {
    "TP": 96,
    "FP": 14,
    "FN": 59,
    "accuracy": 0.5680473372781065,
    "precision": 0.8727272727272727,
    "recall": 0.6193548387096774,
    "f1_score": 0.7245283018867924
  }
}