{
  "true_false": {
    "TP": 30,
    "FP": 0,
    "FN": 20,
    "accuracy": 0.6,
    "precision": 1.0,
    "recall": 0.6,
    "f1_score": 0.7499999999999999
  },
  "multiple_choice": {
    "TP": 34,
    "FP": 16,
    "FN": 0,
    "accuracy": 0.68,
    "precision": 0.68,
    "recall": 1.0,
    "f1_score": 0.8095238095238095
  },
  "list": {
    "TP": 88,
    "FP": 17,
    "FN": 67,
    "accuracy": 0.5116279069767442,
    "precision": 0.8380952380952381,
    "recall": 0.567741935483871,
    "f1_score": 0.676923076923077
  }
}