{
  "true_false": {
    "TP": 29,
    "FP": 0,
    "FN": 21,
    "accuracy": 0.58,
    "precision": 1.0,
    "recall": 0.58,
    "f1_score": 0.7341772151898733
  },
  "multiple_choice": {
    "TP": 38,
    "FP": 12,
    "FN": 0,
    "accuracy": 0.76,
    "precision": 0.76,
    "recall": 1.0,
    "f1_score": 0.8636363636363636
  },
  "list": {
    "TP": 115,
    "FP": 8,
    "FN": 40,
    "accuracy": 0.7055214723926381,
    "precision": 0.9349593495934959,
    "recall": 0.7419354838709677,
    "f1_score": 0.827338129496403
  }
}