{
  "true_false": {
    "TP": 48,
    "FP": 0,
    "FN": 2,
    "accuracy": 0.96,
    "precision": 1.0,
    "recall": 0.96,
    "f1_score": 0.9795918367346939
  },
  "multiple_choice": {
    "TP": 46,
    "FP": 4,
    "FN": 0,
    "accuracy": 0.92,
    "precision": 0.92,
    "recall": 1.0,
    "f1_score": 0.9583333333333334
  },
  "list": {
    "TP": 149,
    "FP": 12,
    "FN": 6,
    "accuracy": 0.8922155688622755,
    "precision": 0.9254658385093167,
    "recall": 0.9612903225806452,
    "f1_score": 0.9430379746835442
  }
}