{
  "true_false": {
    "TP": 30,
    "FP": 0,
    "FN": 20,
    "accuracy": 0.6,
    "precision": 1.0,
    "recall": 0.6,
    "f1_score": 0.7499999999999999
  },
  "multiple_choice": {
    "TP": 30,
    "FP": 20,
    "FN": 0,
    "accuracy": 0.6,
    "precision": 0.6,
    "recall": 1.0,
    "f1_score": 0.7499999999999999
  },
  "list": {
    "TP": 96,
    "FP": 11,
    "FN": 59,
    "accuracy": 0.5783132530120482,
    "precision": 0.897196261682243,
    "recall": 0.6193548387096774,
    "f1_score": 0.7328244274809161
  }
}