{
  "true_false": {
    "TP": 5,
    "FP": 0,
    "FN": 5,
    "accuracy": 0.5,
    "precision": 1.0,
    "recall": 0.5,
    "f1_score": 0.6666666666666666
  },
  "multiple_choice": {
    "TP": 6,
    "FP": 4,
    "FN": 0,
    "accuracy": 0.6,
    "precision": 0.6,
    "recall": 1.0,
    "f1_score": 0.7499999999999999
  },
  "list": {
    "TP": 17,
    "FP": 4,
    "FN": 13,
    "accuracy": 0.5,
    "precision": 0.8095238095238095,
    "recall": 0.5666666666666667,
    "f1_score": 0.6666666666666666
  }
}