{
  "true_false": {
    "TP": 20,
    "FP": 0,
    "FN": 30,
    "accuracy": 0.4,
    "precision": 1.0,
    "recall": 0.4,
    "f1_score": 0.5714285714285715
  },
  "multiple_choice": {
    "TP": 33,
    "FP": 17,
    "FN": 0,
    "accuracy": 0.66,
    "precision": 0.66,
    "recall": 1.0,
    "f1_score": 0.7951807228915663
  },
  "list": {
    "TP": 125,
    "FP": 17,
    "FN": 30,
    "accuracy": 0.7267441860465116,
    "precision": 0.8802816901408451,
    "recall": 0.8064516129032258,
    "f1_score": 0.8417508417508417
  }
}