{
  "true_false": {
    "TP": 6,
    "FP": 0,
    "FN": 4,
    "accuracy": 0.6,
    "precision": 1.0,
    "recall": 0.6,
    "f1_score": 0.7499999999999999
  },
  "multiple_choice": {
    "TP": 7,
    "FP": 3,
    "FN": 0,
    "accuracy": 0.7,
    "precision": 0.7,
    "recall": 1.0,
    "f1_score": 0.8235294117647058
  },
  "list": {
    "TP": 22,
    "FP": 5,
    "FN": 8,
    "accuracy": 0.6285714285714286,
    "precision": 0.8148148148148148,
    "recall": 0.7333333333333333,
    "f1_score": 0.7719298245614035
  }
}