{
  "true_false": {
    "TP": 8,
    "FP": 0,
    "FN": 2,
    "accuracy": 0.8,
    "precision": 1.0,
    "recall": 0.8,
    "f1_score": 0.888888888888889
  },
  "multiple_choice": {
    "TP": 7,
    "FP": 3,
    "FN": 0,
    "accuracy": 0.7,
    "precision": 0.7,
    "recall": 1.0,
    "f1_score": 0.8235294117647058
  },
  "list": {
    "TP": 23,
    "FP": 2,
    "FN": 7,
    "accuracy": 0.71875,
    "precision": 0.92,
    "recall": 0.7666666666666667,
    "f1_score": 0.8363636363636363
  },
  "model_info": {
    "num_questions": 30,
    "test_type": "RAG",
    "rag_enabled": true,
    "documents_retrieved": 3,
    "name": "Gemma-3",
    "type": "gemma",
    "corpus": "All",
    "file_type": "benchmark_scores",
    "timestamp": "20250518_130510"
  },
  "global_metrics": {
    "TP": 38,
    "FP": 5,
    "FN": 9,
    "total_questions": 30,
    "precision": 0.8837209302325582,
    "recall": 0.8085106382978723,
    "f1_score": 0.8444444444444444,
    "accuracy": 0.8085106382978723
  }
}