{
  "true_false": {
    "TP": 7,
    "FP": 0,
    "FN": 3,
    "accuracy": 0.7,
    "precision": 1.0,
    "recall": 0.7,
    "f1_score": 0.8235294117647058
  },
  "multiple_choice": {
    "TP": 8,
    "FP": 2,
    "FN": 0,
    "accuracy": 0.8,
    "precision": 0.8,
    "recall": 1.0,
    "f1_score": 0.888888888888889
  },
  "list": {
    "TP": 23,
    "FP": 1,
    "FN": 7,
    "accuracy": 0.7419354838709677,
    "precision": 0.9583333333333334,
    "recall": 0.7666666666666667,
    "f1_score": 0.8518518518518519
  }
}