{
  "true_false": {
    "TP": 21,
    "FP": 0,
    "FN": 29,
    "accuracy": 0.42,
    "precision": 1.0,
    "recall": 0.42,
    "f1_score": 0.5915492957746479
  },
  "multiple_choice": {
    "TP": 30,
    "FP": 20,
    "FN": 0,
    "accuracy": 0.6,
    "precision": 0.6,
    "recall": 1.0,
    "f1_score": 0.7499999999999999
  },
  "list": {
    "TP": 128,
    "FP": 19,
    "FN": 27,
    "accuracy": 0.735632183908046,
    "precision": 0.8707482993197279,
    "recall": 0.8258064516129032,
    "f1_score": 0.8476821192052979
  }
}