{
  "true_false": {
    "TP": 5,
    "FP": 0,
    "FN": 5,
    "accuracy": 0.5,
    "precision": 1.0,
    "recall": 0.5,
    "f1_score": 0.6666666666666666
  },
  "multiple_choice": {
    "TP": 7,
    "FP": 3,
    "FN": 0,
    "accuracy": 0.7,
    "precision": 0.7,
    "recall": 1.0,
    "f1_score": 0.8235294117647058
  },
  "list": {
    "TP": 20,
    "FP": 3,
    "FN": 10,
    "accuracy": 0.6060606060606061,
    "precision": 0.8695652173913043,
    "recall": 0.6666666666666666,
    "f1_score": 0.7547169811320754
  },
  "model_info": {
    "num_questions": 30,
    "test_type": "RAG",
    "rag_enabled": true,
    "documents_retrieved": 15,
    "name": "GPT-3.5 Turbo 16k (OpenAI API)",
    "type": "openai",
    "corpus": "MedCorp",
    "file_type": "benchmark_scores",
    "timestamp": "20250518_130510"
  },
  "global_metrics": {
    "TP": 32,
    "FP": 6,
    "FN": 15,
    "total_questions": 30,
    "precision": 0.8421052631578947,
    "recall": 0.6808510638297872,
    "f1_score": 0.7529411764705882,
    "accuracy": 0.6808510638297872
  }
}