{
  "true_false": {
    "TP": 5,
    "FP": 0,
    "FN": 5,
    "accuracy": 0.5,
    "precision": 1.0,
    "recall": 0.5,
    "f1_score": 0.6666666666666666
  },
  "multiple_choice": {
    "TP": 7,
    "FP": 3,
    "FN": 0,
    "accuracy": 0.7,
    "precision": 0.7,
    "recall": 1.0,
    "f1_score": 0.8235294117647058
  },
  "list": {
    "TP": 25,
    "FP": 2,
    "FN": 5,
    "accuracy": 0.78125,
    "precision": 0.9259259259259259,
    "recall": 0.8333333333333334,
    "f1_score": 0.8771929824561403
  }
}