{
  "true_false": {
    "TP": 6,
    "FP": 0,
    "FN": 4,
    "accuracy": 0.6,
    "precision": 1.0,
    "recall": 0.6,
    "f1_score": 0.7499999999999999
  },
  "multiple_choice": {
    "TP": 8,
    "FP": 2,
    "FN": 0,
    "accuracy": 0.8,
    "precision": 0.8,
    "recall": 1.0,
    "f1_score": 0.888888888888889
  },
  "list": {
    "TP": 19,
    "FP": 3,
    "FN": 11,
    "accuracy": 0.5757575757575758,
    "precision": 0.8636363636363636,
    "recall": 0.6333333333333333,
    "f1_score": 0.7307692307692307
  }
}