{
  "true_false": {
    "TP": 27,
    "FP": 0,
    "FN": 23,
    "accuracy": 0.54,
    "precision": 1.0,
    "recall": 0.54,
    "f1_score": 0.7012987012987013
  },
  "multiple_choice": {
    "TP": 29,
    "FP": 21,
    "FN": 0,
    "accuracy": 0.58,
    "precision": 0.58,
    "recall": 1.0,
    "f1_score": 0.7341772151898733
  },
  "list": {
    "TP": 89,
    "FP": 11,
    "FN": 66,
    "accuracy": 0.536144578313253,
    "precision": 0.89,
    "recall": 0.5741935483870968,
    "f1_score": 0.6980392156862745
  }
}