{
  "true_false": {
    "TP": 5,
    "FP": 0,
    "FN": 5,
    "accuracy": 0.5,
    "precision": 1.0,
    "recall": 0.5,
    "f1_score": 0.6666666666666666
  },
  "multiple_choice": {
    "TP": 5,
    "FP": 5,
    "FN": 0,
    "accuracy": 0.5,
    "precision": 0.5,
    "recall": 1.0,
    "f1_score": 0.6666666666666666
  },
  "list": {
    "TP": 24,
    "FP": 2,
    "FN": 6,
    "accuracy": 0.75,
    "precision": 0.9230769230769231,
    "recall": 0.8,
    "f1_score": 0.8571428571428571
  }
}