{
  "true_false": {
    "TP": 6,
    "FP": 0,
    "FN": 4,
    "accuracy": 0.6,
    "precision": 1.0,
    "recall": 0.6,
    "f1_score": 0.7499999999999999
  },
  "multiple_choice": {
    "TP": 6,
    "FP": 4,
    "FN": 0,
    "accuracy": 0.6,
    "precision": 0.6,
    "recall": 1.0,
    "f1_score": 0.7499999999999999
  },
  "list": {
    "TP": 18,
    "FP": 3,
    "FN": 12,
    "accuracy": 0.5454545454545454,
    "precision": 0.8571428571428571,
    "recall": 0.6,
    "f1_score": 0.7058823529411764
  }
}