{
  "true_false": {
    "TP": 18,
    "FP": 0,
    "FN": 32,
    "accuracy": 0.36,
    "precision": 1.0,
    "recall": 0.36,
    "f1_score": 0.5294117647058824
  },
  "multiple_choice": {
    "TP": 26,
    "FP": 24,
    "FN": 0,
    "accuracy": 0.52,
    "precision": 0.52,
    "recall": 1.0,
    "f1_score": 0.6842105263157895
  },
  "list": {
    "TP": 116,
    "FP": 17,
    "FN": 39,
    "accuracy": 0.6744186046511628,
    "precision": 0.8721804511278195,
    "recall": 0.7483870967741936,
    "f1_score": 0.8055555555555556
  }
}