{
  "true_false": {
    "TP": 26,
    "FP": 0,
    "FN": 24,
    "accuracy": 0.52,
    "precision": 1.0,
    "recall": 0.52,
    "f1_score": 0.6842105263157895
  },
  "multiple_choice": {
    "TP": 30,
    "FP": 20,
    "FN": 0,
    "accuracy": 0.6,
    "precision": 0.6,
    "recall": 1.0,
    "f1_score": 0.7499999999999999
  },
  "list": {
    "TP": 93,
    "FP": 13,
    "FN": 62,
    "accuracy": 0.5535714285714286,
    "precision": 0.8773584905660378,
    "recall": 0.6,
    "f1_score": 0.7126436781609196
  }
}