{
  "true_false": {
    "TP": 6,
    "FP": 0,
    "FN": 4,
    "accuracy": 0.6,
    "precision": 1.0,
    "recall": 0.6,
    "f1_score": 0.7499999999999999
  },
  "multiple_choice": {
    "TP": 9,
    "FP": 1,
    "FN": 0,
    "accuracy": 0.9,
    "precision": 0.9,
    "recall": 1.0,
    "f1_score": 0.9473684210526316
  },
  "list": {
    "TP": 23,
    "FP": 0,
    "FN": 7,
    "accuracy": 0.7666666666666667,
    "precision": 1.0,
    "recall": 0.7666666666666667,
    "f1_score": 0.8679245283018869
  }
}