{
  "true_false": {
    "TP": 5,
    "FP": 0,
    "FN": 5,
    "accuracy": 0.5,
    "precision": 1.0,
    "recall": 0.5,
    "f1_score": 0.6666666666666666
  },
  "multiple_choice": {
    "TP": 7,
    "FP": 3,
    "FN": 0,
    "accuracy": 0.7,
    "precision": 0.7,
    "recall": 1.0,
    "f1_score": 0.8235294117647058
  },
  "list": {
    "TP": 20,
    "FP": 1,
    "FN": 10,
    "accuracy": 0.6451612903225806,
    "precision": 0.9523809523809523,
    "recall": 0.6666666666666666,
    "f1_score": 0.7843137254901961
  }
}