{
  "true_false": {
    "TP": 23,
    "FP": 0,
    "FN": 27,
    "accuracy": 0.46,
    "precision": 1.0,
    "recall": 0.46,
    "f1_score": 0.6301369863013699
  },
  "multiple_choice": {
    "TP": 38,
    "FP": 12,
    "FN": 0,
    "accuracy": 0.76,
    "precision": 0.76,
    "recall": 1.0,
    "f1_score": 0.8636363636363636
  },
  "list": {
    "TP": 111,
    "FP": 3,
    "FN": 44,
    "accuracy": 0.7025316455696202,
    "precision": 0.9736842105263158,
    "recall": 0.7161290322580646,
    "f1_score": 0.8252788104089219
  }
}