{
  "true_false": {
    "TP": 7,
    "FP": 0,
    "FN": 3,
    "accuracy": 0.7,
    "precision": 1.0,
    "recall": 0.7,
    "f1_score": 0.8235294117647058
  },
  "multiple_choice": {
    "TP": 8,
    "FP": 2,
    "FN": 0,
    "accuracy": 0.8,
    "precision": 0.8,
    "recall": 1.0,
    "f1_score": 0.888888888888889
  },
  "list": {
    "TP": 18,
    "FP": 3,
    "FN": 12,
    "accuracy": 0.5454545454545454,
    "precision": 0.8571428571428571,
    "recall": 0.6,
    "f1_score": 0.7058823529411764
  }
}