{
  "true_false": {
    "TP": 47,
    "FP": 0,
    "FN": 3,
    "accuracy": 0.94,
    "precision": 1.0,
    "recall": 0.94,
    "f1_score": 0.9690721649484536
  },
  "multiple_choice": {
    "TP": 43,
    "FP": 7,
    "FN": 0,
    "accuracy": 0.86,
    "precision": 0.86,
    "recall": 1.0,
    "f1_score": 0.924731182795699
  },
  "list": {
    "TP": 150,
    "FP": 11,
    "FN": 5,
    "accuracy": 0.9036144578313253,
    "precision": 0.9316770186335404,
    "recall": 0.967741935483871,
    "f1_score": 0.949367088607595
  },
  "model_info": {
    "num_questions": 150,
    "test_type": "RAG",
    "rag_enabled": true,
    "documents_retrieved": 3,
    "name": "Gemma-3",
    "type": "gemma",
    "corpus": "SelfCorp",
    "file_type": "benchmark_scores",
    "timestamp": "20250518_130510"
  },
  "global_metrics": {
    "TP": 240,
    "FP": 18,
    "FN": 8,
    "total_questions": 150,
    "precision": 0.9302325581395349,
    "recall": 0.967741935483871,
    "f1_score": 0.9486166007905139,
    "accuracy": 0.967741935483871
  }
}