{
  "true_false": {
    "TP": 26,
    "FP": 0,
    "FN": 24,
    "accuracy": 0.52,
    "precision": 1.0,
    "recall": 0.52,
    "f1_score": 0.6842105263157895
  },
  "multiple_choice": {
    "TP": 38,
    "FP": 12,
    "FN": 0,
    "accuracy": 0.76,
    "precision": 0.76,
    "recall": 1.0,
    "f1_score": 0.8636363636363636
  },
  "list": {
    "TP": 125,
    "FP": 1,
    "FN": 30,
    "accuracy": 0.8012820512820513,
    "precision": 0.9920634920634921,
    "recall": 0.8064516129032258,
    "f1_score": 0.8896797153024911
  }
}