{
  "true_false": {
    "TP": 24,
    "FP": 0,
    "FN": 26,
    "accuracy": 0.48,
    "precision": 1.0,
    "recall": 0.48,
    "f1_score": 0.6486486486486487
  },
  "multiple_choice": {
    "TP": 28,
    "FP": 22,
    "FN": 0,
    "accuracy": 0.56,
    "precision": 0.56,
    "recall": 1.0,
    "f1_score": 0.717948717948718
  },
  "list": {
    "TP": 115,
    "FP": 13,
    "FN": 40,
    "accuracy": 0.6845238095238095,
    "precision": 0.8984375,
    "recall": 0.7419354838709677,
    "f1_score": 0.8127208480565371
  }
}