{
  "true_false": {
    "TP": 22,
    "FP": 0,
    "FN": 28,
    "accuracy": 0.44,
    "precision": 1.0,
    "recall": 0.44,
    "f1_score": 0.6111111111111112
  },
  "multiple_choice": {
    "TP": 29,
    "FP": 21,
    "FN": 0,
    "accuracy": 0.58,
    "precision": 0.58,
    "recall": 1.0,
    "f1_score": 0.7341772151898733
  },
  "list": {
    "TP": 113,
    "FP": 15,
    "FN": 42,
    "accuracy": 0.6647058823529411,
    "precision": 0.8828125,
    "recall": 0.7290322580645161,
    "f1_score": 0.7985865724381626
  }
}