{
  "true_false": {
    "TP": 27,
    "FP": 0,
    "FN": 23,
    "accuracy": 0.54,
    "precision": 1.0,
    "recall": 0.54,
    "f1_score": 0.7012987012987013
  },
  "multiple_choice": {
    "TP": 29,
    "FP": 21,
    "FN": 0,
    "accuracy": 0.58,
    "precision": 0.58,
    "recall": 1.0,
    "f1_score": 0.7341772151898733
  },
  "list": {
    "TP": 94,
    "FP": 13,
    "FN": 61,
    "accuracy": 0.5595238095238095,
    "precision": 0.8785046728971962,
    "recall": 0.6064516129032258,
    "f1_score": 0.7175572519083969
  }
}