{
  "true_false": {
    "TP": 30,
    "FP": 0,
    "FN": 20,
    "accuracy": 0.6,
    "precision": 1.0,
    "recall": 0.6,
    "f1_score": 0.7499999999999999
  },
  "multiple_choice": {
    "TP": 28,
    "FP": 22,
    "FN": 0,
    "accuracy": 0.56,
    "precision": 0.56,
    "recall": 1.0,
    "f1_score": 0.717948717948718
  },
  "list": {
    "TP": 96,
    "FP": 12,
    "FN": 59,
    "accuracy": 0.5748502994011976,
    "precision": 0.8888888888888888,
    "recall": 0.6193548387096774,
    "f1_score": 0.7300380228136882
  }
}