{
  "true_false": {
    "TP": 26,
    "FP": 0,
    "FN": 24,
    "accuracy": 0.52,
    "precision": 1.0,
    "recall": 0.52,
    "f1_score": 0.6842105263157895
  },
  "multiple_choice": {
    "TP": 29,
    "FP": 21,
    "FN": 0,
    "accuracy": 0.58,
    "precision": 0.58,
    "recall": 1.0,
    "f1_score": 0.7341772151898733
  },
  "list": {
    "TP": 94,
    "FP": 14,
    "FN": 61,
    "accuracy": 0.5562130177514792,
    "precision": 0.8703703703703703,
    "recall": 0.6064516129032258,
    "f1_score": 0.714828897338403
  }
}