{
  "true_false": {
    "TP": 6,
    "FP": 0,
    "FN": 4,
    "accuracy": 0.6,
    "precision": 1.0,
    "recall": 0.6,
    "f1_score": 0.7499999999999999
  },
  "multiple_choice": {
    "TP": 6,
    "FP": 4,
    "FN": 0,
    "accuracy": 0.6,
    "precision": 0.6,
    "recall": 1.0,
    "f1_score": 0.7499999999999999
  },
  "list": {
    "TP": 19,
    "FP": 4,
    "FN": 11,
    "accuracy": 0.5588235294117647,
    "precision": 0.8260869565217391,
    "recall": 0.6333333333333333,
    "f1_score": 0.7169811320754716
  }
}