{
  "true_false": {
    "TP": 24,
    "FP": 0,
    "FN": 26,
    "accuracy": 0.48,
    "precision": 1.0,
    "recall": 0.48,
    "f1_score": 0.6486486486486487
  },
  "multiple_choice": {
    "TP": 31,
    "FP": 19,
    "FN": 0,
    "accuracy": 0.62,
    "precision": 0.62,
    "recall": 1.0,
    "f1_score": 0.7654320987654321
  },
  "list": {
    "TP": 96,
    "FP": 11,
    "FN": 59,
    "accuracy": 0.5783132530120482,
    "precision": 0.897196261682243,
    "recall": 0.6193548387096774,
    "f1_score": 0.7328244274809161
  }
}