{
  "true_false": {
    "TP": 6,
    "FP": 0,
    "FN": 4,
    "accuracy": 0.6,
    "precision": 1.0,
    "recall": 0.6,
    "f1_score": 0.7499999999999999
  },
  "multiple_choice": {
    "TP": 7,
    "FP": 3,
    "FN": 0,
    "accuracy": 0.7,
    "precision": 0.7,
    "recall": 1.0,
    "f1_score": 0.8235294117647058
  },
  "list": {
    "TP": 19,
    "FP": 6,
    "FN": 11,
    "accuracy": 0.5277777777777778,
    "precision": 0.76,
    "recall": 0.6333333333333333,
    "f1_score": 0.6909090909090909
  }
}