{
  "true_false": {
    "TP": 23,
    "FP": 0,
    "FN": 27,
    "accuracy": 0.46,
    "precision": 1.0,
    "recall": 0.46,
    "f1_score": 0.6301369863013699
  },
  "multiple_choice": {
    "TP": 40,
    "FP": 10,
    "FN": 0,
    "accuracy": 0.8,
    "precision": 0.8,
    "recall": 1.0,
    "f1_score": 0.888888888888889
  },
  "list": {
    "TP": 119,
    "FP": 2,
    "FN": 36,
    "accuracy": 0.7579617834394905,
    "precision": 0.9834710743801653,
    "recall": 0.7677419354838709,
    "f1_score": 0.8623188405797102
  }
}