{
  "true_false": {
    "TP": 21,
    "FP": 0,
    "FN": 29,
    "accuracy": 0.42,
    "precision": 1.0,
    "recall": 0.42,
    "f1_score": 0.5915492957746479
  },
  "multiple_choice": {
    "TP": 31,
    "FP": 19,
    "FN": 0,
    "accuracy": 0.62,
    "precision": 0.62,
    "recall": 1.0,
    "f1_score": 0.7654320987654321
  },
  "list": {
    "TP": 118,
    "FP": 20,
    "FN": 37,
    "accuracy": 0.6742857142857143,
    "precision": 0.855072463768116,
    "recall": 0.7612903225806451,
    "f1_score": 0.8054607508532423
  }
}