{
  "true_false": {
    "TP": 20,
    "FP": 0,
    "FN": 30,
    "accuracy": 0.4,
    "precision": 1.0,
    "recall": 0.4,
    "f1_score": 0.5714285714285715
  },
  "multiple_choice": {
    "TP": 31,
    "FP": 19,
    "FN": 0,
    "accuracy": 0.62,
    "precision": 0.62,
    "recall": 1.0,
    "f1_score": 0.7654320987654321
  },
  "list": {
    "TP": 115,
    "FP": 11,
    "FN": 40,
    "accuracy": 0.6927710843373494,
    "precision": 0.9126984126984127,
    "recall": 0.7419354838709677,
    "f1_score": 0.8185053380782918
  }
}