{
  "true_false": {
    "TP": 29,
    "FP": 0,
    "FN": 21,
    "accuracy": 0.58,
    "precision": 1.0,
    "recall": 0.58,
    "f1_score": 0.7341772151898733
  },
  "multiple_choice": {
    "TP": 31,
    "FP": 19,
    "FN": 0,
    "accuracy": 0.62,
    "precision": 0.62,
    "recall": 1.0,
    "f1_score": 0.7654320987654321
  },
  "list": {
    "TP": 94,
    "FP": 12,
    "FN": 61,
    "accuracy": 0.562874251497006,
    "precision": 0.8867924528301887,
    "recall": 0.6064516129032258,
    "f1_score": 0.7203065134099617
  }
}