{
  "true_false": {
    "TP": 28,
    "FP": 0,
    "FN": 22,
    "accuracy": 0.56,
    "precision": 1.0,
    "recall": 0.56,
    "f1_score": 0.717948717948718
  },
  "multiple_choice": {
    "TP": 39,
    "FP": 11,
    "FN": 0,
    "accuracy": 0.78,
    "precision": 0.78,
    "recall": 1.0,
    "f1_score": 0.8764044943820225
  },
  "list": {
    "TP": 115,
    "FP": 5,
    "FN": 40,
    "accuracy": 0.71875,
    "precision": 0.9583333333333334,
    "recall": 0.7419354838709677,
    "f1_score": 0.8363636363636364
  }
}