{
  "true_false": {
    "TP": 18,
    "FP": 0,
    "FN": 32,
    "accuracy": 0.36,
    "precision": 1.0,
    "recall": 0.36,
    "f1_score": 0.5294117647058824
  },
  "multiple_choice": {
    "TP": 27,
    "FP": 23,
    "FN": 0,
    "accuracy": 0.54,
    "precision": 0.54,
    "recall": 1.0,
    "f1_score": 0.7012987012987013
  },
  "list": {
    "TP": 115,
    "FP": 15,
    "FN": 40,
    "accuracy": 0.6764705882352942,
    "precision": 0.8846153846153846,
    "recall": 0.7419354838709677,
    "f1_score": 0.8070175438596492
  }
}