{
  "true_false": {
    "TP": 25,
    "FP": 0,
    "FN": 25,
    "accuracy": 0.5,
    "precision": 1.0,
    "recall": 0.5,
    "f1_score": 0.6666666666666666
  },
  "multiple_choice": {
    "TP": 30,
    "FP": 20,
    "FN": 0,
    "accuracy": 0.6,
    "precision": 0.6,
    "recall": 1.0,
    "f1_score": 0.7499999999999999
  },
  "list": {
    "TP": 100,
    "FP": 12,
    "FN": 55,
    "accuracy": 0.5988023952095808,
    "precision": 0.8928571428571429,
    "recall": 0.6451612903225806,
    "f1_score": 0.7490636704119851
  }
}