{
  "true_false": {
    "TP": 30,
    "FP": 0,
    "FN": 20,
    "accuracy": 0.6,
    "precision": 1.0,
    "recall": 0.6,
    "f1_score": 0.7499999999999999
  },
  "multiple_choice": {
    "TP": 44,
    "FP": 6,
    "FN": 0,
    "accuracy": 0.88,
    "precision": 0.88,
    "recall": 1.0,
    "f1_score": 0.9361702127659575
  },
  "list": {
    "TP": 140,
    "FP": 6,
    "FN": 15,
    "accuracy": 0.8695652173913043,
    "precision": 0.958904109589041,
    "recall": 0.9032258064516129,
    "f1_score": 0.9302325581395349
  }
}