{
  "true_false": {
    "TP": 23,
    "FP": 0,
    "FN": 27,
    "accuracy": 0.46,
    "precision": 1.0,
    "recall": 0.46,
    "f1_score": 0.6301369863013699
  },
  "multiple_choice": {
    "TP": 27,
    "FP": 23,
    "FN": 0,
    "accuracy": 0.54,
    "precision": 0.54,
    "recall": 1.0,
    "f1_score": 0.7012987012987013
  },
  "list": {
    "TP": 91,
    "FP": 17,
    "FN": 64,
    "accuracy": 0.5290697674418605,
    "precision": 0.8425925925925926,
    "recall": 0.5870967741935483,
    "f1_score": 0.6920152091254752
  },
  "model_info": {
    "num_questions": 150,
    "test_type": "RAG",
    "rag_enabled": true,
    "documents_retrieved": 5,
    "name": "GPT-3.5 Turbo 16k (OpenAI API)",
    "type": "openai",
    "corpus": "MedCorp",
    "file_type": "benchmark_scores",
    "timestamp": "20250518_130510"
  },
  "global_metrics": {
    "TP": 141,
    "FP": 40,
    "FN": 91,
    "total_questions": 150,
    "precision": 0.7790055248618785,
    "recall": 0.6077586206896551,
    "f1_score": 0.6828087167070217,
    "accuracy": 0.6077586206896551
  }
}