{
  "true_false": {
    "TP": 24,
    "FP": 0,
    "FN": 26,
    "accuracy": 0.48,
    "precision": 1.0,
    "recall": 0.48,
    "f1_score": 0.6486486486486487
  },
  "multiple_choice": {
    "TP": 30,
    "FP": 20,
    "FN": 0,
    "accuracy": 0.6,
    "precision": 0.6,
    "recall": 1.0,
    "f1_score": 0.7499999999999999
  },
  "list": {
    "TP": 125,
    "FP": 15,
    "FN": 30,
    "accuracy": 0.7352941176470589,
    "precision": 0.8928571428571429,
    "recall": 0.8064516129032258,
    "f1_score": 0.8474576271186439
  }
}