{
  "true_false": {
    "TP": 7,
    "FP": 0,
    "FN": 3,
    "accuracy": 0.7,
    "precision": 1.0,
    "recall": 0.7,
    "f1_score": 0.8235294117647058
  },
  "multiple_choice": {
    "TP": 7,
    "FP": 3,
    "FN": 0,
    "accuracy": 0.7,
    "precision": 0.7,
    "recall": 1.0,
    "f1_score": 0.8235294117647058
  },
  "list": {
    "TP": 20,
    "FP": 3,
    "FN": 10,
    "accuracy": 0.6060606060606061,
    "precision": 0.8695652173913043,
    "recall": 0.6666666666666666,
    "f1_score": 0.7547169811320754
  }
}