{
  "true_false": {
    "TP": 6,
    "FP": 0,
    "FN": 4,
    "accuracy": 0.6,
    "precision": 1.0,
    "recall": 0.6,
    "f1_score": 0.7499999999999999
  },
  "multiple_choice": {
    "TP": 8,
    "FP": 2,
    "FN": 0,
    "accuracy": 0.8,
    "precision": 0.8,
    "recall": 1.0,
    "f1_score": 0.888888888888889
  },
  "list": {
    "TP": 17,
    "FP": 1,
    "FN": 13,
    "accuracy": 0.5483870967741935,
    "precision": 0.9444444444444444,
    "recall": 0.5666666666666667,
    "f1_score": 0.7083333333333334
  }
}