{
  "true_false": {
    "TP": 30,
    "FP": 0,
    "FN": 20,
    "accuracy": 0.6,
    "precision": 1.0,
    "recall": 0.6,
    "f1_score": 0.7499999999999999
  },
  "multiple_choice": {
    "TP": 38,
    "FP": 12,
    "FN": 0,
    "accuracy": 0.76,
    "precision": 0.76,
    "recall": 1.0,
    "f1_score": 0.8636363636363636
  },
  "list": {
    "TP": 119,
    "FP": 7,
    "FN": 36,
    "accuracy": 0.7345679012345679,
    "precision": 0.9444444444444444,
    "recall": 0.7677419354838709,
    "f1_score": 0.8469750889679715
  }
}