{
  "true_false": {
    "TP": 7,
    "FP": 0,
    "FN": 3,
    "accuracy": 0.7,
    "precision": 1.0,
    "recall": 0.7,
    "f1_score": 0.8235294117647058
  },
  "multiple_choice": {
    "TP": 7,
    "FP": 3,
    "FN": 0,
    "accuracy": 0.7,
    "precision": 0.7,
    "recall": 1.0,
    "f1_score": 0.8235294117647058
  },
  "list": {
    "TP": 23,
    "FP": 2,
    "FN": 7,
    "accuracy": 0.71875,
    "precision": 0.92,
    "recall": 0.7666666666666667,
    "f1_score": 0.8363636363636363
  }
}