{
  "true_false": {
    "TP": 48,
    "FP": 0,
    "FN": 2,
    "accuracy": 0.96,
    "precision": 1.0,
    "recall": 0.96,
    "f1_score": 0.9795918367346939
  },
  "multiple_choice": {
    "TP": 46,
    "FP": 4,
    "FN": 0,
    "accuracy": 0.92,
    "precision": 0.92,
    "recall": 1.0,
    "f1_score": 0.9583333333333334
  },
  "list": {
    "TP": 113,
    "FP": 7,
    "FN": 42,
    "accuracy": 0.6975308641975309,
    "precision": 0.9416666666666667,
    "recall": 0.7290322580645161,
    "f1_score": 0.8218181818181819
  }
}