{
  "true_false": {
    "TP": 29,
    "FP": 0,
    "FN": 21,
    "accuracy": 0.58,
    "precision": 1.0,
    "recall": 0.58,
    "f1_score": 0.7341772151898733
  },
  "multiple_choice": {
    "TP": 41,
    "FP": 9,
    "FN": 0,
    "accuracy": 0.82,
    "precision": 0.82,
    "recall": 1.0,
    "f1_score": 0.9010989010989011
  },
  "list": {
    "TP": 119,
    "FP": 7,
    "FN": 36,
    "accuracy": 0.7345679012345679,
    "precision": 0.9444444444444444,
    "recall": 0.7677419354838709,
    "f1_score": 0.8469750889679715
  }
}