{
  "true_false": {
    "TP": 7,
    "FP": 0,
    "FN": 3,
    "accuracy": 0.7,
    "precision": 1.0,
    "recall": 0.7,
    "f1_score": 0.8235294117647058
  },
  "multiple_choice": {
    "TP": 9,
    "FP": 1,
    "FN": 0,
    "accuracy": 0.9,
    "precision": 0.9,
    "recall": 1.0,
    "f1_score": 0.9473684210526316
  },
  "list": {
    "TP": 28,
    "FP": 1,
    "FN": 2,
    "accuracy": 0.9032258064516129,
    "precision": 0.9655172413793104,
    "recall": 0.9333333333333333,
    "f1_score": 0.9491525423728815
  }
}