{
  "true_false": {
    "TP": 17,
    "FP": 0,
    "FN": 33,
    "accuracy": 0.34,
    "precision": 1.0,
    "recall": 0.34,
    "f1_score": 0.5074626865671642
  },
  "multiple_choice": {
    "TP": 30,
    "FP": 12,
    "FN": 8,
    "accuracy": 0.6,
    "precision": 0.7142857142857143,
    "recall": 0.7894736842105263,
    "f1_score": 0.7500000000000001
  },
  "list": {
    "TP": 106,
    "FP": 15,
    "FN": 49,
    "accuracy": 0.6235294117647059,
    "precision": 0.8760330578512396,
    "recall": 0.6838709677419355,
    "f1_score": 0.7681159420289855
  }
}