{
  "true_false": {
    "TP": 47,
    "FP": 0,
    "FN": 3,
    "accuracy": 0.94,
    "precision": 1.0,
    "recall": 0.94,
    "f1_score": 0.9690721649484536
  },
  "multiple_choice": {
    "TP": 45,
    "FP": 5,
    "FN": 0,
    "accuracy": 0.9,
    "precision": 0.9,
    "recall": 1.0,
    "f1_score": 0.9473684210526316
  },
  "list": {
    "TP": 151,
    "FP": 6,
    "FN": 4,
    "accuracy": 0.937888198757764,
    "precision": 0.9617834394904459,
    "recall": 0.9741935483870968,
    "f1_score": 0.9679487179487181
  }
}