{
  "true_false": {
    "TP": 25,
    "FP": 0,
    "FN": 25,
    "accuracy": 0.5,
    "precision": 1.0,
    "recall": 0.5,
    "f1_score": 0.6666666666666666
  },
  "multiple_choice": {
    "TP": 29,
    "FP": 21,
    "FN": 0,
    "accuracy": 0.58,
    "precision": 0.58,
    "recall": 1.0,
    "f1_score": 0.7341772151898733
  },
  "list": {
    "TP": 125,
    "FP": 19,
    "FN": 30,
    "accuracy": 0.7183908045977011,
    "precision": 0.8680555555555556,
    "recall": 0.8064516129032258,
    "f1_score": 0.8361204013377926
  }
}