{
  "true_false": {
    "TP": 23,
    "FP": 0,
    "FN": 27,
    "accuracy": 0.46,
    "precision": 1.0,
    "recall": 0.46,
    "f1_score": 0.6301369863013699
  },
  "multiple_choice": {
    "TP": 36,
    "FP": 14,
    "FN": 0,
    "accuracy": 0.72,
    "precision": 0.72,
    "recall": 1.0,
    "f1_score": 0.8372093023255813
  },
  "list": {
    "TP": 108,
    "FP": 19,
    "FN": 47,
    "accuracy": 0.6206896551724138,
    "precision": 0.8503937007874016,
    "recall": 0.6967741935483871,
    "f1_score": 0.7659574468085106
  },
  "model_info": {
    "num_questions": 150,
    "test_type": "RAG",
    "rag_enabled": true,
    "documents_retrieved": 5,
    "name": "Gemma-3",
    "type": "gemma",
    "corpus": "MedCorp",
    "file_type": "benchmark_scores",
    "timestamp": "20250518_130510"
  },
  "global_metrics": {
    "TP": 167,
    "FP": 33,
    "FN": 74,
    "total_questions": 150,
    "precision": 0.835,
    "recall": 0.6929460580912863,
    "f1_score": 0.7573696145124715,
    "accuracy": 0.6929460580912863
  }
}