{
  "true_false": {
    "TP": 28,
    "FP": 0,
    "FN": 22,
    "accuracy": 0.56,
    "precision": 1.0,
    "recall": 0.56,
    "f1_score": 0.717948717948718
  },
  "multiple_choice": {
    "TP": 31,
    "FP": 19,
    "FN": 0,
    "accuracy": 0.62,
    "precision": 0.62,
    "recall": 1.0,
    "f1_score": 0.7654320987654321
  },
  "list": {
    "TP": 94,
    "FP": 10,
    "FN": 61,
    "accuracy": 0.5696969696969697,
    "precision": 0.9038461538461539,
    "recall": 0.6064516129032258,
    "f1_score": 0.725868725868726
  }
}