{
  "true_false": {
    "TP": 8,
    "FP": 0,
    "FN": 2,
    "accuracy": 0.8,
    "precision": 1.0,
    "recall": 0.8,
    "f1_score": 0.888888888888889
  },
  "multiple_choice": {
    "TP": 6,
    "FP": 4,
    "FN": 0,
    "accuracy": 0.6,
    "precision": 0.6,
    "recall": 1.0,
    "f1_score": 0.7499999999999999
  },
  "list": {
    "TP": 19,
    "FP": 5,
    "FN": 11,
    "accuracy": 0.5428571428571428,
    "precision": 0.7916666666666666,
    "recall": 0.6333333333333333,
    "f1_score": 0.7037037037037038
  }
}