{
  "true_false": {
    "TP": 30,
    "FP": 0,
    "FN": 20,
    "accuracy": 0.6,
    "precision": 1.0,
    "recall": 0.6,
    "f1_score": 0.7499999999999999
  },
  "multiple_choice": {
    "TP": 29,
    "FP": 21,
    "FN": 0,
    "accuracy": 0.58,
    "precision": 0.58,
    "recall": 1.0,
    "f1_score": 0.7341772151898733
  },
  "list": {
    "TP": 117,
    "FP": 17,
    "FN": 38,
    "accuracy": 0.6802325581395349,
    "precision": 0.8731343283582089,
    "recall": 0.7548387096774194,
    "f1_score": 0.8096885813148789
  }
}