{
  "true_false": {
    "TP": 22,
    "FP": 0,
    "FN": 28,
    "accuracy": 0.44,
    "precision": 1.0,
    "recall": 0.44,
    "f1_score": 0.6111111111111112
  },
  "multiple_choice": {
    "TP": 20,
    "FP": 30,
    "FN": 0,
    "accuracy": 0.4,
    "precision": 0.4,
    "recall": 1.0,
    "f1_score": 0.5714285714285715
  },
  "list": {
    "TP": 94,
    "FP": 18,
    "FN": 61,
    "accuracy": 0.5433526011560693,
    "precision": 0.8392857142857143,
    "recall": 0.6064516129032258,
    "f1_score": 0.7041198501872659
  }
}