{
  "true_false": {
    "TP": 29,
    "FP": 0,
    "FN": 21,
    "accuracy": 0.58,
    "precision": 1.0,
    "recall": 0.58,
    "f1_score": 0.7341772151898733
  },
  "multiple_choice": {
    "TP": 38,
    "FP": 12,
    "FN": 0,
    "accuracy": 0.76,
    "precision": 0.76,
    "recall": 1.0,
    "f1_score": 0.8636363636363636
  },
  "list": {
    "TP": 129,
    "FP": 8,
    "FN": 26,
    "accuracy": 0.7914110429447853,
    "precision": 0.9416058394160584,
    "recall": 0.832258064516129,
    "f1_score": 0.8835616438356164
  }
}