{
  "true_false": {
    "TP": 7,
    "FP": 0,
    "FN": 3,
    "accuracy": 0.7,
    "precision": 1.0,
    "recall": 0.7,
    "f1_score": 0.8235294117647058
  },
  "multiple_choice": {
    "TP": 10,
    "FP": 0,
    "FN": 0,
    "accuracy": 1.0,
    "precision": 1.0,
    "recall": 1.0,
    "f1_score": 1.0
  },
  "list": {
    "TP": 25,
    "FP": 0,
    "FN": 5,
    "accuracy": 0.8333333333333334,
    "precision": 1.0,
    "recall": 0.8333333333333334,
    "f1_score": 0.9090909090909091
  }
}