{
  "true_false": {
    "TP": 21,
    "FP": 0,
    "FN": 29,
    "accuracy": 0.42,
    "precision": 1.0,
    "recall": 0.42,
    "f1_score": 0.5915492957746479
  },
  "multiple_choice": {
    "TP": 30,
    "FP": 20,
    "FN": 0,
    "accuracy": 0.6,
    "precision": 0.6,
    "recall": 1.0,
    "f1_score": 0.7499999999999999
  },
  "list": {
    "TP": 119,
    "FP": 18,
    "FN": 36,
    "accuracy": 0.6878612716763006,
    "precision": 0.8686131386861314,
    "recall": 0.7677419354838709,
    "f1_score": 0.8150684931506849
  }
}