{
  "true_false": {
    "TP": 31,
    "FP": 0,
    "FN": 19,
    "accuracy": 0.62,
    "precision": 1.0,
    "recall": 0.62,
    "f1_score": 0.7654320987654321
  },
  "multiple_choice": {
    "TP": 36,
    "FP": 13,
    "FN": 1,
    "accuracy": 0.72,
    "precision": 0.7346938775510204,
    "recall": 0.972972972972973,
    "f1_score": 0.8372093023255813
  },
  "list": {
    "TP": 119,
    "FP": 5,
    "FN": 36,
    "accuracy": 0.74375,
    "precision": 0.9596774193548387,
    "recall": 0.7677419354838709,
    "f1_score": 0.8530465949820788
  }
}