{
  "true_false": {
    "TP": 6,
    "FP": 0,
    "FN": 4,
    "accuracy": 0.6,
    "precision": 1.0,
    "recall": 0.6,
    "f1_score": 0.7499999999999999
  },
  "multiple_choice": {
    "TP": 7,
    "FP": 3,
    "FN": 0,
    "accuracy": 0.7,
    "precision": 0.7,
    "recall": 1.0,
    "f1_score": 0.8235294117647058
  },
  "list": {
    "TP": 26,
    "FP": 0,
    "FN": 4,
    "accuracy": 0.8666666666666667,
    "precision": 1.0,
    "recall": 0.8666666666666667,
    "f1_score": 0.9285714285714286
  },
  "model_info": {
    "num_questions": 30,
    "test_type": "RAG",
    "rag_enabled": true,
    "documents_retrieved": 3,
    "name": "Gemini",
    "type": "gemini",
    "corpus": "MedCorp",
    "file_type": "benchmark_scores",
    "timestamp": "20250518_130510"
  },
  "global_metrics": {
    "TP": 39,
    "FP": 3,
    "FN": 8,
    "total_questions": 30,
    "precision": 0.9285714285714286,
    "recall": 0.8297872340425532,
    "f1_score": 0.8764044943820225,
    "accuracy": 0.8297872340425532
  }
}