{
  "true_false": {
    "TP": 6,
    "FP": 0,
    "FN": 4,
    "precision": 1.0,
    "recall": 0.6,
    "f1_score": 0.7499999999999999,
    "accuracy": 0.6
  },
  "multiple_choice": {
    "TP": 5,
    "FP": 5,
    "FN": 0,
    "precision": 0.5,
    "recall": 1.0,
    "f1_score": 0.6666666666666666,
    "accuracy": 0.5
  },
  "list": {
    "TP": 22,
    "FP": 2,
    "FN": 8,
    "precision": 0.9166666666666666,
    "recall": 0.7333333333333333,
    "f1_score": 0.8148148148148148,
    "accuracy": 0.6875
  },
  "model_info": {
    "num_questions": 30,
    "test_type": "Baseline",
    "rag_enabled": false,
    "name": "Gemma-3",
    "type": "gemma",
    "file_type": "benchmark_scores",
    "timestamp": "20250518_134737"
  },
  "global_metrics": {
    "TP": 33,
    "FP": 7,
    "FN": 12,
    "total_questions": 30,
    "precision": 0.825,
    "recall": 0.7333333333333333,
    "f1_score": 0.776470588235294,
    "accuracy": 1.1
  }
}