{
  "true_false": {
    "TP": 27,
    "FP": 0,
    "FN": 23,
    "accuracy": 0.54,
    "precision": 1.0,
    "recall": 0.54,
    "f1_score": 0.7012987012987013
  },
  "multiple_choice": {
    "TP": 43,
    "FP": 7,
    "FN": 0,
    "accuracy": 0.86,
    "precision": 0.86,
    "recall": 1.0,
    "f1_score": 0.924731182795699
  },
  "list": {
    "TP": 138,
    "FP": 8,
    "FN": 17,
    "accuracy": 0.8466257668711656,
    "precision": 0.9452054794520548,
    "recall": 0.8903225806451613,
    "f1_score": 0.9169435215946844
  },
  "model_info": {
    "name": "Gemini-2.0-flash (Google API)",
    "type": "gemini",
    "timestamp": "20250516_223929"
  }
}