{
  "true_false": {
    "TP": 31,
    "FP": 0,
    "FN": 19,
    "accuracy": 0.62,
    "precision": 1.0,
    "recall": 0.62,
    "f1_score": 0.7654320987654321
  },
  "multiple_choice": {
    "TP": 31,
    "FP": 19,
    "FN": 0,
    "accuracy": 0.62,
    "precision": 0.62,
    "recall": 1.0,
    "f1_score": 0.7654320987654321
  },
  "list": {
    "TP": 126,
    "FP": 16,
    "FN": 29,
    "accuracy": 0.7368421052631579,
    "precision": 0.8873239436619719,
    "recall": 0.8129032258064516,
    "f1_score": 0.8484848484848485
  }
}