{
  "true_false": {
    "TP": 32,
    "FP": 0,
    "FN": 18,
    "accuracy": 0.64,
    "precision": 1.0,
    "recall": 0.64,
    "f1_score": 0.7804878048780487
  },
  "multiple_choice": {
    "TP": 32,
    "FP": 18,
    "FN": 0,
    "accuracy": 0.64,
    "precision": 0.64,
    "recall": 1.0,
    "f1_score": 0.7804878048780487
  },
  "list": {
    "TP": 107,
    "FP": 16,
    "FN": 48,
    "accuracy": 0.6257309941520468,
    "precision": 0.8699186991869918,
    "recall": 0.6903225806451613,
    "f1_score": 0.7697841726618705
  },
  "model_info": {
    "name": "GPT-3.5 Turbo 16k (OpenAI API)",
    "type": "openai",
    "timestamp": "20250517_010736",
    "num_questions": 150,
    "test_type": "Baseline",
    "rag_enabled": false,
    "file_type": "benchmark_scores"
  },
  "global_metrics": {
    "TP": 171,
    "FP": 34,
    "FN": 66,
    "total_questions": 150,
    "precision": 0.8341463414634146,
    "recall": 0.7215189873417721,
    "f1_score": 0.7737556561085973,
    "accuracy": 0.7215189873417721
  }
}