{
  "true_false": {
    "TP": 47,
    "FP": 0,
    "FN": 3,
    "accuracy": 0.94,
    "precision": 1.0,
    "recall": 0.94,
    "f1_score": 0.9690721649484536
  },
  "multiple_choice": {
    "TP": 45,
    "FP": 5,
    "FN": 0,
    "accuracy": 0.9,
    "precision": 0.9,
    "recall": 1.0,
    "f1_score": 0.9473684210526316
  },
  "list": {
    "TP": 151,
    "FP": 6,
    "FN": 4,
    "accuracy": 0.937888198757764,
    "precision": 0.9617834394904459,
    "recall": 0.9741935483870968,
    "f1_score": 0.9679487179487181
  },
  "model_info": {
    "num_questions": 150,
    "test_type": "RAG",
    "rag_enabled": true,
    "documents_retrieved": 3,
    "name": "Gemini",
    "type": "gemini",
    "corpus": "SelfCorp",
    "file_type": "benchmark_scores",
    "timestamp": "20250518_130510"
  },
  "global_metrics": {
    "TP": 243,
    "FP": 11,
    "FN": 7,
    "total_questions": 150,
    "precision": 0.9566929133858267,
    "recall": 0.972,
    "f1_score": 0.9642857142857142,
    "accuracy": 0.972
  }
}