{
  "true_false": {
    "TP": 7,
    "FP": 0,
    "FN": 3,
    "accuracy": 0.7,
    "precision": 1.0,
    "recall": 0.7,
    "f1_score": 0.8235294117647058
  },
  "multiple_choice": {
    "TP": 9,
    "FP": 1,
    "FN": 0,
    "accuracy": 0.9,
    "precision": 0.9,
    "recall": 1.0,
    "f1_score": 0.9473684210526316
  },
  "list": {
    "TP": 26,
    "FP": 0,
    "FN": 4,
    "accuracy": 0.8666666666666667,
    "precision": 1.0,
    "recall": 0.8666666666666667,
    "f1_score": 0.9285714285714286
  },
  "model_info": {
    "num_questions": 30,
    "test_type": "RAG",
    "rag_enabled": true,
    "documents_retrieved": 3,
    "name": "Gemini",
    "type": "gemini",
    "corpus": "All",
    "file_type": "benchmark_scores",
    "timestamp": "20250518_130510"
  },
  "global_metrics": {
    "TP": 42,
    "FP": 1,
    "FN": 7,
    "precision": 0.9767441860465116,
    "recall": 0.8571428571428571,
    "f1_score": 0.9130434782608695,
    "accuracy": 0.8571428571428571
  }
}