{
  "true_false": {
    "TP": 28,
    "FP": 0,
    "FN": 22,
    "accuracy": 0.56,
    "precision": 1.0,
    "recall": 0.56,
    "f1_score": 0.717948717948718
  },
  "multiple_choice": {
    "TP": 29,
    "FP": 21,
    "FN": 0,
    "accuracy": 0.58,
    "precision": 0.58,
    "recall": 1.0,
    "f1_score": 0.7341772151898733
  },
  "list": {
    "TP": 91,
    "FP": 14,
    "FN": 64,
    "accuracy": 0.5384615384615384,
    "precision": 0.8666666666666667,
    "recall": 0.5870967741935483,
    "f1_score": 0.7000000000000001
  }
}