{
  "true_false": {
    "TP": 25,
    "FP": 0,
    "FN": 25,
    "accuracy": 0.5,
    "precision": 1.0,
    "recall": 0.5,
    "f1_score": 0.6666666666666666
  },
  "multiple_choice": {
    "TP": 34,
    "FP": 16,
    "FN": 0,
    "accuracy": 0.68,
    "precision": 0.68,
    "recall": 1.0,
    "f1_score": 0.8095238095238095
  },
  "list": {
    "TP": 91,
    "FP": 16,
    "FN": 64,
    "accuracy": 0.5321637426900585,
    "precision": 0.8504672897196262,
    "recall": 0.5870967741935483,
    "f1_score": 0.6946564885496184
  }
}