{
  "true_false": {
    "TP": 5,
    "FP": 0,
    "FN": 5,
    "accuracy": 0.5,
    "precision": 1.0,
    "recall": 0.5,
    "f1_score": 0.6666666666666666
  },
  "multiple_choice": {
    "TP": 6,
    "FP": 4,
    "FN": 0,
    "accuracy": 0.6,
    "precision": 0.6,
    "recall": 1.0,
    "f1_score": 0.7499999999999999
  },
  "list": {
    "TP": 23,
    "FP": 2,
    "FN": 7,
    "accuracy": 0.71875,
    "precision": 0.92,
    "recall": 0.7666666666666667,
    "f1_score": 0.8363636363636363
  }
}