{
  "true_false": {
    "TP": 8,
    "FP": 0,
    "FN": 2,
    "accuracy": 0.8,
    "precision": 1.0,
    "recall": 0.8,
    "f1_score": 0.888888888888889
  },
  "multiple_choice": {
    "TP": 5,
    "FP": 5,
    "FN": 0,
    "accuracy": 0.5,
    "precision": 0.5,
    "recall": 1.0,
    "f1_score": 0.6666666666666666
  },
  "list": {
    "TP": 24,
    "FP": 3,
    "FN": 6,
    "accuracy": 0.7272727272727273,
    "precision": 0.8888888888888888,
    "recall": 0.8,
    "f1_score": 0.8421052631578948
  }
}