{
  "true_false": {
    "TP": 17,
    "FP": 0,
    "FN": 33,
    "accuracy": 0.34,
    "precision": 1.0,
    "recall": 0.34,
    "f1_score": 0.5074626865671642
  },
  "multiple_choice": {
    "TP": 30,
    "FP": 20,
    "FN": 0,
    "accuracy": 0.6,
    "precision": 0.6,
    "recall": 1.0,
    "f1_score": 0.7499999999999999
  },
  "list": {
    "TP": 112,
    "FP": 18,
    "FN": 43,
    "accuracy": 0.6473988439306358,
    "precision": 0.8615384615384616,
    "recall": 0.7225806451612903,
    "f1_score": 0.7859649122807016
  }
}