{
  "true_false": {
    "TP": 27,
    "FP": 0,
    "FN": 23,
    "accuracy": 0.54,
    "precision": 1.0,
    "recall": 0.54,
    "f1_score": 0.7012987012987013
  },
  "multiple_choice": {
    "TP": 37,
    "FP": 13,
    "FN": 0,
    "accuracy": 0.74,
    "precision": 0.74,
    "recall": 1.0,
    "f1_score": 0.8505747126436781
  },
  "list": {
    "TP": 118,
    "FP": 6,
    "FN": 37,
    "accuracy": 0.7329192546583851,
    "precision": 0.9516129032258065,
    "recall": 0.7612903225806451,
    "f1_score": 0.8458781362007168
  }
}