{
  "true_false": {
    "TP": 27,
    "FP": 0,
    "FN": 23,
    "accuracy": 0.54,
    "precision": 1.0,
    "recall": 0.54,
    "f1_score": 0.7012987012987013
  },
  "multiple_choice": {
    "TP": 29,
    "FP": 21,
    "FN": 0,
    "accuracy": 0.58,
    "precision": 0.58,
    "recall": 1.0,
    "f1_score": 0.7341772151898733
  },
  "list": {
    "TP": 124,
    "FP": 18,
    "FN": 31,
    "accuracy": 0.7167630057803468,
    "precision": 0.8732394366197183,
    "recall": 0.8,
    "f1_score": 0.835016835016835
  }
}