{
  "true_false": {
    "TP": 23,
    "FP": 0,
    "FN": 27,
    "accuracy": 0.46,
    "precision": 1.0,
    "recall": 0.46,
    "f1_score": 0.6301369863013699
  },
  "multiple_choice": {
    "TP": 29,
    "FP": 21,
    "FN": 0,
    "accuracy": 0.58,
    "precision": 0.58,
    "recall": 1.0,
    "f1_score": 0.7341772151898733
  },
  "list": {
    "TP": 109,
    "FP": 13,
    "FN": 46,
    "accuracy": 0.6488095238095238,
    "precision": 0.8934426229508197,
    "recall": 0.7032258064516129,
    "f1_score": 0.7870036101083033
  }
}