{
  "true_false": {
    "TP": 6,
    "FP": 0,
    "FN": 4,
    "accuracy": 0.6,
    "precision": 1.0,
    "recall": 0.6,
    "f1_score": 0.7499999999999999
  },
  "multiple_choice": {
    "TP": 7,
    "FP": 3,
    "FN": 0,
    "accuracy": 0.7,
    "precision": 0.7,
    "recall": 1.0,
    "f1_score": 0.8235294117647058
  },
  "list": {
    "TP": 22,
    "FP": 5,
    "FN": 8,
    "accuracy": 0.6285714285714286,
    "precision": 0.8148148148148148,
    "recall": 0.7333333333333333,
    "f1_score": 0.7719298245614035
  },
  "model_info": {
    "num_questions": 30,
    "test_type": "RAG",
    "rag_enabled": true,
    "documents_retrieved": 15,
    "name": "Gemma-3",
    "type": "gemma",
    "corpus": "MedCorp",
    "file_type": "benchmark_scores",
    "timestamp": "20250518_130510"
  },
  "global_metrics": {
    "TP": 35,
    "FP": 8,
    "FN": 12,
    "total_questions": 30,
    "precision": 0.813953488372093,
    "recall": 0.7446808510638298,
    "f1_score": 0.7777777777777778,
    "accuracy": 0.7446808510638298
  }
}