{
  "true_false": {
    "TP": 25,
    "FP": 0,
    "FN": 25,
    "accuracy": 0.5,
    "precision": 1.0,
    "recall": 0.5,
    "f1_score": 0.6666666666666666
  },
  "multiple_choice": {
    "TP": 39,
    "FP": 11,
    "FN": 0,
    "accuracy": 0.78,
    "precision": 0.78,
    "recall": 1.0,
    "f1_score": 0.8764044943820225
  },
  "list": {
    "TP": 115,
    "FP": 2,
    "FN": 40,
    "accuracy": 0.732484076433121,
    "precision": 0.9829059829059829,
    "recall": 0.7419354838709677,
    "f1_score": 0.8455882352941178
  }
}