{
  "true_false": {
    "TP": 20,
    "FP": 0,
    "FN": 30,
    "accuracy": 0.4,
    "precision": 1.0,
    "recall": 0.4,
    "f1_score": 0.5714285714285715
  },
  "multiple_choice": {
    "TP": 29,
    "FP": 21,
    "FN": 0,
    "accuracy": 0.58,
    "precision": 0.58,
    "recall": 1.0,
    "f1_score": 0.7341772151898733
  },
  "list": {
    "TP": 109,
    "FP": 12,
    "FN": 46,
    "accuracy": 0.6526946107784432,
    "precision": 0.9008264462809917,
    "recall": 0.7032258064516129,
    "f1_score": 0.7898550724637681
  }
}