{
  "true_false": {
    "TP": 4,
    "FP": 0,
    "FN": 6,
    "accuracy": 0.4,
    "precision": 1.0,
    "recall": 0.4,
    "f1_score": 0.5714285714285715
  },
  "multiple_choice": {
    "TP": 7,
    "FP": 3,
    "FN": 0,
    "accuracy": 0.7,
    "precision": 0.7,
    "recall": 1.0,
    "f1_score": 0.8235294117647058
  },
  "list": {
    "TP": 26,
    "FP": 1,
    "FN": 4,
    "accuracy": 0.8387096774193549,
    "precision": 0.9629629629629629,
    "recall": 0.8666666666666667,
    "f1_score": 0.912280701754386
  },
  "model_info": {
    "num_questions": 30,
    "test_type": "RAG",
    "rag_enabled": true,
    "documents_retrieved": 15,
    "name": "Gemini",
    "type": "gemini",
    "corpus": "MedCorp",
    "file_type": "benchmark_scores",
    "timestamp": "20250518_130510"
  },
  "global_metrics": {
    "TP": 37,
    "FP": 4,
    "FN": 10,
    "total_questions": 30,
    "precision": 0.9024390243902439,
    "recall": 0.7872340425531915,
    "f1_score": 0.8409090909090909,
    "accuracy": 0.7872340425531915
  }
}