{
  "true_false": {
    "TP": 26,
    "FP": 0,
    "FN": 24,
    "accuracy": 0.52,
    "precision": 1.0,
    "recall": 0.52,
    "f1_score": 0.6842105263157895
  },
  "multiple_choice": {
    "TP": 39,
    "FP": 11,
    "FN": 0,
    "accuracy": 0.78,
    "precision": 0.78,
    "recall": 1.0,
    "f1_score": 0.8764044943820225
  },
  "list": {
    "TP": 112,
    "FP": 5,
    "FN": 43,
    "accuracy": 0.7,
    "precision": 0.9572649572649573,
    "recall": 0.7225806451612903,
    "f1_score": 0.8235294117647058
  }
}