{
  "true_false": {
    "TP": 22,
    "FP": 0,
    "FN": 28,
    "accuracy": 0.44,
    "precision": 1.0,
    "recall": 0.44,
    "f1_score": 0.6111111111111112
  },
  "multiple_choice": {
    "TP": 38,
    "FP": 12,
    "FN": 0,
    "accuracy": 0.76,
    "precision": 0.76,
    "recall": 1.0,
    "f1_score": 0.8636363636363636
  },
  "list": {
    "TP": 115,
    "FP": 4,
    "FN": 40,
    "accuracy": 0.7232704402515723,
    "precision": 0.9663865546218487,
    "recall": 0.7419354838709677,
    "f1_score": 0.8394160583941607
  }
}