{
  "true_false": {
    "TP": 31,
    "FP": 0,
    "FN": 19,
    "accuracy": 0.62,
    "precision": 1.0,
    "recall": 0.62,
    "f1_score": 0.7654320987654321
  },
  "multiple_choice": {
    "TP": 30,
    "FP": 20,
    "FN": 0,
    "accuracy": 0.6,
    "precision": 0.6,
    "recall": 1.0,
    "f1_score": 0.7499999999999999
  },
  "list": {
    "TP": 92,
    "FP": 8,
    "FN": 63,
    "accuracy": 0.5644171779141104,
    "precision": 0.92,
    "recall": 0.5935483870967742,
    "f1_score": 0.7215686274509804
  }
}