{
  "true_false": {
    "TP": 20,
    "FP": 0,
    "FN": 30,
    "accuracy": 0.4,
    "precision": 1.0,
    "recall": 0.4,
    "f1_score": 0.5714285714285715
  },
  "multiple_choice": {
    "TP": 28,
    "FP": 17,
    "FN": 5,
    "accuracy": 0.56,
    "precision": 0.6222222222222222,
    "recall": 0.8484848484848485,
    "f1_score": 0.7179487179487178
  },
  "list": {
    "TP": 123,
    "FP": 28,
    "FN": 32,
    "accuracy": 0.6721311475409836,
    "precision": 0.8145695364238411,
    "recall": 0.7935483870967742,
    "f1_score": 0.803921568627451
  }
}