{
  "true_false": {
    "TP": 6,
    "FP": 0,
    "FN": 4,
    "accuracy": 0.6,
    "precision": 1.0,
    "recall": 0.6,
    "f1_score": 0.7499999999999999
  },
  "multiple_choice": {
    "TP": 8,
    "FP": 2,
    "FN": 0,
    "accuracy": 0.8,
    "precision": 0.8,
    "recall": 1.0,
    "f1_score": 0.888888888888889
  },
  "list": {
    "TP": 18,
    "FP": 4,
    "FN": 12,
    "accuracy": 0.5294117647058824,
    "precision": 0.8181818181818182,
    "recall": 0.6,
    "f1_score": 0.6923076923076923
  }
}