{
  "true_false": {
    "TP": 32,
    "FP": 0,
    "FN": 18,
    "accuracy": 0.64,
    "precision": 1.0,
    "recall": 0.64,
    "f1_score": 0.7804878048780487
  },
  "multiple_choice": {
    "TP": 27,
    "FP": 23,
    "FN": 0,
    "accuracy": 0.54,
    "precision": 0.54,
    "recall": 1.0,
    "f1_score": 0.7012987012987013
  },
  "list": {
    "TP": 107,
    "FP": 17,
    "FN": 48,
    "accuracy": 0.622093023255814,
    "precision": 0.8629032258064516,
    "recall": 0.6903225806451613,
    "f1_score": 0.7670250896057348
  }
}