{
  "true_false": {
    "TP": 24,
    "FP": 0,
    "FN": 26,
    "accuracy": 0.48,
    "precision": 1.0,
    "recall": 0.48,
    "f1_score": 0.6486486486486487
  },
  "multiple_choice": {
    "TP": 32,
    "FP": 18,
    "FN": 0,
    "accuracy": 0.64,
    "precision": 0.64,
    "recall": 1.0,
    "f1_score": 0.7804878048780487
  },
  "list": {
    "TP": 116,
    "FP": 18,
    "FN": 39,
    "accuracy": 0.6705202312138728,
    "precision": 0.8656716417910447,
    "recall": 0.7483870967741936,
    "f1_score": 0.8027681660899654
  }
}