{
  "true_false": {
    "TP": 47,
    "FP": 0,
    "FN": 3,
    "accuracy": 0.94,
    "precision": 1.0,
    "recall": 0.94,
    "f1_score": 0.9690721649484536
  },
  "multiple_choice": {
    "TP": 44,
    "FP": 6,
    "FN": 0,
    "accuracy": 0.88,
    "precision": 0.88,
    "recall": 1.0,
    "f1_score": 0.9361702127659575
  },
  "list": {
    "TP": 117,
    "FP": 8,
    "FN": 38,
    "accuracy": 0.7177914110429447,
    "precision": 0.936,
    "recall": 0.7548387096774194,
    "f1_score": 0.8357142857142859
  }
}