{
  "true_false": {
    "TP": 7,
    "FP": 0,
    "FN": 3,
    "accuracy": 0.7,
    "precision": 1.0,
    "recall": 0.7,
    "f1_score": 0.8235294117647058
  },
  "multiple_choice": {
    "TP": 8,
    "FP": 2,
    "FN": 0,
    "accuracy": 0.8,
    "precision": 0.8,
    "recall": 1.0,
    "f1_score": 0.888888888888889
  },
  "list": {
    "TP": 25,
    "FP": 3,
    "FN": 5,
    "accuracy": 0.7575757575757576,
    "precision": 0.8928571428571429,
    "recall": 0.8333333333333334,
    "f1_score": 0.8620689655172413
  }
}