{
  "true_false": {
    "TP": 33,
    "FP": 0,
    "FN": 17,
    "accuracy": 0.66,
    "precision": 1.0,
    "recall": 0.66,
    "f1_score": 0.7951807228915663
  },
  "multiple_choice": {
    "TP": 38,
    "FP": 12,
    "FN": 0,
    "accuracy": 0.76,
    "precision": 0.76,
    "recall": 1.0,
    "f1_score": 0.8636363636363636
  },
  "list": {
    "TP": 118,
    "FP": 5,
    "FN": 37,
    "accuracy": 0.7375,
    "precision": 0.959349593495935,
    "recall": 0.7612903225806451,
    "f1_score": 0.8489208633093525
  }
}