{
  "true_false": {
    "TP": 5,
    "FP": 0,
    "FN": 5,
    "accuracy": 0.5,
    "precision": 1.0,
    "recall": 0.5,
    "f1_score": 0.6666666666666666
  },
  "multiple_choice": {
    "TP": 9,
    "FP": 1,
    "FN": 0,
    "accuracy": 0.9,
    "precision": 0.9,
    "recall": 1.0,
    "f1_score": 0.9473684210526316
  },
  "list": {
    "TP": 19,
    "FP": 3,
    "FN": 11,
    "accuracy": 0.5757575757575758,
    "precision": 0.8636363636363636,
    "recall": 0.6333333333333333,
    "f1_score": 0.7307692307692307
  }
}