{
  "true_false": {
    "TP": 7,
    "FP": 0,
    "FN": 3,
    "accuracy": 0.7,
    "precision": 1.0,
    "recall": 0.7,
    "f1_score": 0.8235294117647058
  },
  "multiple_choice": {
    "TP": 6,
    "FP": 4,
    "FN": 0,
    "accuracy": 0.6,
    "precision": 0.6,
    "recall": 1.0,
    "f1_score": 0.7499999999999999
  },
  "list": {
    "TP": 25,
    "FP": 1,
    "FN": 5,
    "accuracy": 0.8064516129032258,
    "precision": 0.9615384615384616,
    "recall": 0.8333333333333334,
    "f1_score": 0.8928571428571429
  }
}